CN,I,IS,C,M,D,Q,S,PT,SA,X
discrete,discrete,discrete,discrete,discrete,discrete,discrete,discrete,discrete,range,range
3M Company,Investment Banking and Brokerage,Consumer Staples,A,January,1/1/2020,Quarter 1,Delivered,AMAZON,10,0
A. O. Smith Corporation,Packaged Foods and Meats,Industrials,B,February ,1/2/2020,Quarter 2,Invoiced,CASH,50000,100
ABM Industries Incorporated,Air Freight and Logistics,Consumer Discretionary,C,March,1/3/2020,,,CC,,
AECOM,Auto Parts and Equipment,Financials,D,April ,1/4/2020,,,CC-CIMPRO,,
AGCO Corporation,Insurance Brokers,Information Technology,E,May,1/5/2020,,,CCManual,,
AMC Networks Inc.,Application Software,Health Care,F,June,1/6/2020,,,CCard,,
"AMETEK, Inc.",Health Care Equipment,Materials,G,July,1/7/2020,,,CHECK,,
ASGN Incorporated,Research and Consulting Services,Energy,H,,1/8/2020,,,CHECK-CAD,,
"Aaron's, Inc.",Aluminum,Real Estate,,,1/9/2020,,,EFT,,
AbbVie Inc.,Building Products,Utilities,,,1/10/2020,,,EFT-CAD,,
Abbott Laboratories,"Apparel, Accessories and Luxury Goods",Communication Services,,,1/11/2020,,,,,
Abercrombie & Fitch Co.,Human Resource and Employment Services,,,,1/12/2020,,,,,
"Acadia Healthcare Company, Inc.",Reinsurance,,,,1/13/2020,,,,,
"Activision Blizzard, Inc.",IT Consulting and Other Services,,,,1/14/2020,,,,,
"Acuity Brands, Inc.",Life and Health Insurance,,,,1/15/2020,,,,,
Adient plc,Trucking,,,,1/16/2020,,,,,
Adobe Inc.,Regional Banks,,,,1/17/2020,,,,,
"Advance Auto Parts, Inc.",Restaurants,,,,1/18/2020,,,,,
"Advanced Micro Devices, Inc.",Oil and Gas Exploration and Production,,,,1/19/2020,,,,,
Aflac Incorporated,Specialized REITs,,,,1/20/2020,,,,,
"Agilent Technologies, Inc.",Casinos and Gaming,,,,1/21/2020,,,,,
"Air Products and Chemicals, Inc.",Steel,,,,1/22/2020,,,,,
"Akamai Technologies, Inc.",Leisure Products,,,,1/23/2020,,,,,
"Alaska Air Group, Inc.",Specialty Stores,,,,1/24/2020,,,,,
Albemarle Corporation,Communications Equipment,,,,1/25/2020,,,,,
"Alexion Pharmaceuticals, Inc.",Life Sciences Tools and Services,,,,1/26/2020,,,,,
"Align Technology, Inc.",Homebuilding,,,,1/27/2020,,,,,
Alleghany Corporation,Personal Products,,,,1/28/2020,,,,,
Allegheny Technologies Incorporated,Electrical Components and Equipment,,,,1/29/2020,,,,,
Allegion plc,Agricultural and Farm Machinery,,,,1/30/2020,,,,,
Alliance Data Systems Corporation,Oil and Gas Refining and Marketing,,,,1/31/2020,,,,,
Alliant Energy Corporation,"Technology Hardware, Storage and Peripherals",,,,2/1/2020,,,,,
"Altria Group, Inc.",Metal and Glass Containers,,,,2/2/2020,,,,,
Amcor plc,Environmental and Facilities Services,,,,2/3/2020,,,,,
Ameren Corporation,Gas Utilities,,,,2/4/2020,,,,,
"American Axle & Manufacturing Holdings, Inc.",Apparel Retail,,,,2/5/2020,,,,,
"American Eagle Outfitters, Inc.",General Merchandise Stores,,,,2/6/2020,,,,,
"American Electric Power Company, Inc.",Multi-Utilities,,,,2/7/2020,,,,,
American Equity Investment Life Holding Company,Tires and Rubber,,,,2/8/2020,,,,,
"American Financial Group, Inc.",Consumer Finance,,,,2/9/2020,,,,,
American Tower Corporation (REIT),Specialty Chemicals,,,,2/10/2020,,,,,
"American Water Works Company, Inc.",Health Care Supplies,,,,2/11/2020,,,,,
"Ameriprise Financial, Inc.",Airlines,,,,2/12/2020,,,,,
Amgen Inc.,Forest Products,,,,2/13/2020,,,,,
Amphenol Corporation,Fertilizers and Agricultural Chemicals,,,,2/14/2020,,,,,
"Analog Devices, Inc.",Interactive Home Entertainment,,,,2/15/2020,,,,,
Aon Plc,Financial Exchanges and Data,,,,2/16/2020,,,,,
Apache Corporation,Publishing,,,,2/17/2020,,,,,
"Applied Industrial Technologies, Inc.",Health Care Technology,,,,2/18/2020,,,,,
"Applied Materials, Inc.",Property and Casualty Insurance,,,,2/19/2020,,,,,
"AptarGroup, Inc.",Biotechnology,,,,2/20/2020,,,,,
Aptiv PLC,Construction Materials,,,,2/21/2020,,,,,
ArcBest Corporation,Systems Software,,,,2/22/2020,,,,,
Arconic Corporation,Commodity Chemicals,,,,2/23/2020,,,,,
"Arista Networks, Inc.",Electric Utilities,,,,2/24/2020,,,,,
"Arrow Electronics, Inc.",Distillers and Vintners,,,,2/25/2020,,,,,
Arthur J. Gallagher & Co.,Industrial Machinery,,,,2/26/2020,,,,,
"Asbury Automotive Group, Inc.",Oil and Gas Drilling,,,,2/27/2020,,,,,
Ashland Global Holdings Inc.,Wireless Telecommunication Services,,,,2/28/2020,,,,,
"Assurant, Inc.",Commercial Printing,,,,2/29/2020,,,,,
"Atlas Air Worldwide Holdings, Inc.",Diversified Support Services,,,,3/1/2020,,,,,
Atmos Energy Corporation,"Hotels, Resorts and Cruise Lines",,,,3/2/2020,,,,,
"AutoNation, Inc.",Health Care Facilities,,,,3/3/2020,,,,,
"AutoZone, Inc.",Homefurnishing Retail,,,,3/4/2020,,,,,
"Autodesk, Inc.",Oil and Gas Equipment and Services,,,,3/5/2020,,,,,
"Automatic Data Processing, Inc.",Data Processing and Outsourced Services,,,,3/6/2020,,,,,
"AvalonBay Communities, Inc.",Motorcycle Manufacturers,,,,3/7/2020,,,,,
Avery Dennison Corporation,Paper Packaging,,,,3/8/2020,,,,,
Avient Corporation,Automotive Retail,,,,3/9/2020,,,,,
"Avis Budget Group, Inc.",Automobile Manufacturers,,,,3/10/2020,,,,,
"Avnet, Inc.",Health Care Distributors,,,,3/11/2020,,,,,
"BJ's Wholesale Club Holdings, Inc.",Trading Companies and Distributors,,,,3/12/2020,,,,,
Baker Hughes Company,Semiconductor Equipment,,,,3/13/2020,,,,,
Ball Corporation,Semiconductors,,,,3/14/2020,,,,,
Baxter International Inc.,Footwear,,,,3/15/2020,,,,,
"Becton, Dickinson and Company",Electronic Components,,,,3/16/2020,,,,,
Bed Bath & Beyond Inc.,Managed Health Care,,,,3/17/2020,,,,,
Belden Inc.,Consumer Electronics,,,,3/18/2020,,,,,
"Benchmark Electronics, Inc.",Electronic Manufacturing Services,,,,3/19/2020,,,,,
"Big Lots, Inc.",Home Furnishings,,,,3/20/2020,,,,,
"Bio-Rad Laboratories, Inc.",Food Retail,,,,3/21/2020,,,,,
Biogen Inc.,Food Distributors,,,,3/22/2020,,,,,
"BlackRock, Inc.",Marine,,,,3/23/2020,,,,,
"Bloomin' Brands, Inc.",Construction and Engineering,,,,3/24/2020,,,,,
Boise Cascade Company,Education Services,,,,3/25/2020,,,,,
Booking Holdings Inc.,Aerospace and Defense,,,,3/26/2020,,,,,
BorgWarner Inc.,Construction Machinery and Heavy Trucks,,,,3/27/2020,,,,,
"Boston Properties, Inc.",Health Care REITs,,,,3/28/2020,,,,,
Boston Scientific Corporation,Interactive Media and Services,,,,3/29/2020,,,,,
Boyd Gaming Corporation,Agricultural Products,,,,3/30/2020,,,,,
"Brighthouse Financial, Inc.",Specialized Consumer Services,,,,3/31/2020,,,,,
"Brinker International, Inc.",Office REITs,,,,4/1/2020,,,,,
Bristol-Myers Squibb Company,Electronic Equipment and Instruments,,,,4/2/2020,,,,,
Broadcom Inc.,Computer and Electronics Retail,,,,4/3/2020,,,,,
"Broadridge Financial Solutions, Inc.",Internet Services and Infrastructure,,,,4/4/2020,,,,,
Brown-Forman Corporation,Asset Management and Custody Banks,,,,4/5/2020,,,,,
Brunswick Corporation,Household Products,,,,4/6/2020,,,,,
"Builders FirstSource, Inc.",Diversified Chemicals,,,,4/7/2020,,,,,
"C.H. Robinson Worldwide, Inc.",Residential REITs,,,,4/8/2020,,,,,
CACI International Inc,Multi-Sector Holdings,,,,4/9/2020,,,,,
"CBRE Group, Inc.",Oil and Gas Storage and Transportation,,,,4/10/2020,,,,,
CDW Corporation,Technology Distributors,,,,4/11/2020,,,,,
"CF Industries Holdings, Inc.",Industrial Conglomerates,,,,4/12/2020,,,,,
CIT Group Inc.,Real Estate Services,,,,4/13/2020,,,,,
CME Group Inc.,Movies and Entertainment,,,,4/14/2020,,,,,
CMS Energy Corporation,Soft Drinks,,,,4/15/2020,,,,,
"CNO Financial Group, Inc.",Advertising,,,,4/16/2020,,,,,
CSX Corporation,Office Services and Supplies,,,,4/17/2020,,,,,
Cabot Corporation,Health Care Services,,,,4/18/2020,,,,,
"Caesars Entertainment, Inc.",Broadcasting,,,,4/19/2020,,,,,
"Caleres, Inc.",Pharmaceuticals,,,,4/20/2020,,,,,
Campbell Soup Company,Security and Alarm Services,,,,4/21/2020,,,,,
Capital One Financial Corporation,Distributors,,,,4/22/2020,,,,,
Capri Holdings Limited,Paper Products,,,,4/23/2020,,,,,
"CarMax, Inc.",Hotel and Resort REITs,,,,4/24/2020,,,,,
Carlisle Companies Incorporated,Industrial Gases,,,,4/25/2020,,,,,
Carnival Corporation & Plc,Multi-line Insurance,,,,4/26/2020,,,,,
Carpenter Technology Corporation,(Invalid Identifier),,,,4/27/2020,,,,,
Carrier Global Corporation,Industrial REITs,,,,4/28/2020,,,,,
"Carter's, Inc.",Retail REITs,,,,4/29/2020,,,,,
"Casey's General Stores, Inc.",Railroads,,,,4/30/2020,,,,,
"Catalent, Inc.",Internet and Direct Marketing Retail,,,,5/1/2020,,,,,
"Cboe Global Markets, Inc.",Hypermarkets and Super Centers,,,,5/2/2020,,,,,
Celanese Corporation,Cable and Satellite,,,,5/3/2020,,,,,
"CenterPoint Energy, Inc.",Housewares and Specialties,,,,5/4/2020,,,,,
Central Garden & Pet Company,Brewers,,,,5/5/2020,,,,,
"Century Communities, Inc.",Department Stores,,,,5/6/2020,,,,,
Cerner Corporation,Independent Power Producers and Energy Traders,,,,5/7/2020,,,,,
"Charles River Laboratories International, Inc.",Gold,,,,5/8/2020,,,,,
"Chico's FAS, Inc.",Copper,,,,5/9/2020,,,,,
"Chipotle Mexican Grill, Inc.",Water Utilities,,,,5/10/2020,,,,,
Chubb Limited,Tobacco,,,,5/11/2020,,,,,
"Church & Dwight Co., Inc.",Household Appliances,,,,5/12/2020,,,,,
Ciena Corporation,Integrated Oil and Gas,,,,5/13/2020,,,,,
Cimarex Energy Co.,Diversified Banks,,,,5/14/2020,,,,,
Cincinnati Financial Corporation,,,,,5/15/2020,,,,,
"Cinemark Holdings, Inc.",,,,,5/16/2020,,,,,
Cintas Corporation,,,,,5/17/2020,,,,,
"Citizens Financial Group, Inc.",,,,,5/18/2020,,,,,
"Citrix Systems, Inc.",,,,,5/19/2020,,,,,
"Clean Harbors, Inc.",,,,,5/20/2020,,,,,
"Coca-Cola Consolidated, Inc.",,,,,5/21/2020,,,,,
Cognizant Technology Solutions Corporation,,,,,5/22/2020,,,,,
Colfax Corporation,,,,,5/23/2020,,,,,
Colgate-Palmolive Company,,,,,5/24/2020,,,,,
Columbia Sportswear Company,,,,,5/25/2020,,,,,
Comerica Incorporated,,,,,5/26/2020,,,,,
"Comfort Systems USA, Inc.",,,,,5/27/2020,,,,,
Commercial Metals Company,,,,,5/28/2020,,,,,
"Community Health Systems, Inc.",,,,,5/29/2020,,,,,
"Conagra Brands, Inc.",,,,,5/30/2020,,,,,
Concho Resources Inc.,,,,,5/31/2020,,,,,
ConocoPhillips,,,,,6/1/2020,,,,,
"Consolidated Edison, Inc.",,,,,6/2/2020,,,,,
"Constellation Brands, Inc.",,,,,6/3/2020,,,,,
Cooper Tire & Rubber Company,,,,,6/4/2020,,,,,
Cooper-Standard Holdings Inc.,,,,,6/5/2020,,,,,
"Copart, Inc.",,,,,6/6/2020,,,,,
"Core-Mark Holding Company, Inc.",,,,,6/7/2020,,,,,
Corning Incorporated,,,,,6/8/2020,,,,,
"Corteva, Inc.",,,,,6/9/2020,,,,,
Coty Inc.,,,,,6/10/2020,,,,,
"Covetrus, Inc.",,,,,6/11/2020,,,,,
"Cracker Barrel Old Country Store, Inc.",,,,,6/12/2020,,,,,
Crane Co.,,,,,6/13/2020,,,,,
Crown Castle International Corp. (REIT),,,,,6/14/2020,,,,,
Cummins Inc.,,,,,6/15/2020,,,,,
Curtiss-Wright Corporation,,,,,6/16/2020,,,,,
"D.R. Horton, Inc.",,,,,6/17/2020,,,,,
DENTSPLY SIRONA Inc.,,,,,6/18/2020,,,,,
"DICK'S Sporting Goods, Inc.",,,,,6/19/2020,,,,,
DISH Network Corporation,,,,,6/20/2020,,,,,
DTE Energy Company,,,,,6/21/2020,,,,,
DXC Technology Company,,,,,6/22/2020,,,,,
DaVita Inc.,,,,,6/23/2020,,,,,
Dana Incorporated,,,,,6/24/2020,,,,,
Danaher Corporation,,,,,6/25/2020,,,,,
"Darden Restaurants, Inc.",,,,,6/26/2020,,,,,
Darling Ingredients Inc.,,,,,6/27/2020,,,,,
Deere & Company,,,,,6/28/2020,,,,,
Delphi Technologies PLC,,,,,6/29/2020,,,,,
Deluxe Corporation,,,,,6/30/2020,,,,,
Designer Brands Inc.,,,,,7/1/2020,,,,,
Devon Energy Corporation,,,,,7/2/2020,,,,,
"Diamondback Energy, Inc.",,,,,7/3/2020,,,,,
"Diebold Nixdorf, Incorporated",,,,,7/4/2020,,,,,
"Digital Realty Trust, Inc.",,,,,7/5/2020,,,,,
Discover Financial Services,,,,,7/6/2020,,,,,
"Discovery, Inc.",,,,,7/7/2020,,,,,
Dollar General Corporation,,,,,7/8/2020,,,,,
"Dollar Tree, Inc.",,,,,7/9/2020,,,,,
"Dominion Energy, Inc.",,,,,7/10/2020,,,,,
"Domino's Pizza, Inc.",,,,,7/11/2020,,,,,
Domtar Corporation,,,,,7/12/2020,,,,,
"Donaldson Company, Inc.",,,,,7/13/2020,,,,,
Dover Corporation,,,,,7/14/2020,,,,,
"DuPont de Nemours, Inc.",,,,,7/15/2020,,,,,
Duke Energy Corporation,,,,,7/16/2020,,,,,
"Dycom Industries, Inc.",,,,,7/17/2020,,,,,
E*TRADE Financial Corporation,,,,,7/18/2020,,,,,
"EMCOR Group, Inc.",,,,,7/19/2020,,,,,
"EOG Resources, Inc.",,,,,7/20/2020,,,,,
EQT Corporation,,,,,7/21/2020,,,,,
Eastman Chemical Company,,,,,7/22/2020,,,,,
Eaton Corporation plc,,,,,7/23/2020,,,,,
"Echo Global Logistics, Inc.",,,,,7/24/2020,,,,,
Ecolab Inc.,,,,,7/25/2020,,,,,
Edgewell Personal Care Company,,,,,7/26/2020,,,,,
Edison International,,,,,7/27/2020,,,,,
Edwards Lifesciences Corporation,,,,,7/28/2020,,,,,
Electronic Arts Inc.,,,,,7/29/2020,,,,,
Eli Lilly and Company,,,,,7/30/2020,,,,,
Emerson Electric Co.,,,,,7/31/2020,,,,,
Encompass Health Corporation,,,,,,,,,,
Endo International plc,,,,,,,,,,
EnerSys,,,,,,,,,,
"Energizer Holdings, Inc.",,,,,,,,,,
Entergy Corporation,,,,,,,,,,
Equifax Inc.,,,,,,,,,,
"Equinix, Inc. (REIT)",,,,,,,,,,
Equity Residential,,,,,,,,,,
Evercore Inc.,,,,,,,,,,
"Everest Re Group, Ltd.",,,,,,,,,,
"Evergy, Inc.",,,,,,,,,,
Eversource Energy,,,,,,,,,,
Exelon Corporation,,,,,,,,,,
"Expedia Group, Inc.",,,,,,,,,,
"Expeditors International of Washington, Inc.",,,,,,,,,,
"Express, Inc.",,,,,,,,,,
"F5 Networks, Inc.",,,,,,,,,,
"FLEETCOR Technologies, Inc.",,,,,,,,,,
FMC Corporation,,,,,,,,,,
"FTI Consulting, Inc.",,,,,,,,,,
Fastenal Company,,,,,,,,,,
"Fidelity National Information Services, Inc.",,,,,,,,,,
Fifth Third Bancorp,,,,,,,,,,
First American Financial Corporation,,,,,,,,,,
First Republic Bank,,,,,,,,,,
"First Solar, Inc.",,,,,,,,,,
FirstEnergy Corp.,,,,,,,,,,
"Fiserv, Inc.",,,,,,,,,,
"Flowers Foods, Inc.",,,,,,,,,,
Flowserve Corporation,,,,,,,,,,
Fluor Corporation,,,,,,,,,,
"Foot Locker, Inc.",,,,,,,,,,
"Fortinet, Inc.",,,,,,,,,,
Fortive Corporation,,,,,,,,,,
"Fortune Brands Home & Security, Inc.",,,,,,,,,,
"Fossil Group, Inc.",,,,,,,,,,
Fox Corporation,,,,,,,,,,
"Franklin Resources, Inc.",,,,,,,,,,
Freeport-McMoRan Inc.,,,,,,,,,,
Fresh Del Monte Produce Inc.,,,,,,,,,,
"G-III Apparel Group, Ltd.",,,,,,,,,,
GMS Inc.,,,,,,,,,,
GameStop Corp.,,,,,,,,,,
Garmin Ltd.,,,,,,,,,,
"Gartner, Inc.",,,,,,,,,,
Generac Holdings Inc.,,,,,,,,,,
"General Mills, Inc.",,,,,,,,,,
Genuine Parts Company,,,,,,,,,,
"Genworth Financial, Inc.",,,,,,,,,,
"Gilead Sciences, Inc.",,,,,,,,,,
Global Payments Inc.,,,,,,,,,,
Globe Life Inc.,,,,,,,,,,
Graham Holdings Company,,,,,,,,,,
Granite Construction Incorporated,,,,,,,,,,
Green Plains Inc.,,,,,,,,,,
"Greif, Inc.",,,,,,,,,,
"Group 1 Automotive, Inc.",,,,,,,,,,
"Guess?, Inc.",,,,,,,,,,
"H&R Block, Inc.",,,,,,,,,,
H.B. Fuller Company,,,,,,,,,,
Halliburton Company,,,,,,,,,,
Hanesbrands Inc.,,,,,,,,,,
"Harley-Davidson, Inc.",,,,,,,,,,
"Hasbro, Inc.",,,,,,,,,,
"Hawaiian Electric Industries, Inc.",,,,,,,,,,
"Hawaiian Holdings, Inc.",,,,,,,,,,
"Helmerich & Payne, Inc.",,,,,,,,,,
"Henry Schein, Inc.",,,,,,,,,,
"Herman Miller, Inc.",,,,,,,,,,
Hess Corporation,,,,,,,,,,
Hewlett Packard Enterprise Company,,,,,,,,,,
Hexcel Corporation,,,,,,,,,,
"Hill-Rom Holdings, Inc.",,,,,,,,,,
Hilton Worldwide Holdings Inc.,,,,,,,,,,
HollyFrontier Corporation,,,,,,,,,,
"Hologic, Inc.",,,,,,,,,,
Honeywell International Inc.,,,,,,,,,,
Hormel Foods Corporation,,,,,,,,,,
"Host Hotels & Resorts, Inc.",,,,,,,,,,
Howmet Aerospace Inc.,,,,,,,,,,
"Hub Group, Inc.",,,,,,,,,,
Hubbell Incorporated,,,,,,,,,,
Huntington Bancshares Incorporated,,,,,,,,,,
"Huntington Ingalls Industries, Inc.",,,,,,,,,,
IDEX Corporation,,,,,,,,,,
"IDEXX Laboratories, Inc.",,,,,,,,,,
IHS Markit Ltd.,,,,,,,,,,
II-VI Incorporated,,,,,,,,,,
IQVIA Holdings Inc.,,,,,,,,,,
ITT Inc.,,,,,,,,,,
Illinois Tool Works Inc.,,,,,,,,,,
"Illumina, Inc.",,,,,,,,,,
Incyte Corporation,,,,,,,,,,
Ingersoll Rand Inc.,,,,,,,,,,
Ingredion Incorporated,,,,,,,,,,
"Insight Enterprises, Inc.",,,,,,,,,,
"Insperity, Inc.",,,,,,,,,,
"Intercontinental Exchange, Inc.",,,,,,,,,,
International Flavors & Fragrances Inc.,,,,,,,,,,
International Paper Company,,,,,,,,,,
Intuit Inc.,,,,,,,,,,
"Intuitive Surgical, Inc.",,,,,,,,,,
Invesco Ltd.,,,,,,,,,,
Iron Mountain Incorporated,,,,,,,,,,
"Itron, Inc.",,,,,,,,,,
"J.B. Hunt Transport Services, Inc.",,,,,,,,,,
Jabil Inc.,,,,,,,,,,
Jacobs Engineering Group Inc.,,,,,,,,,,
Janus Henderson Group plc,,,,,,,,,,
Jefferies Financial Group Inc.,,,,,,,,,,
JetBlue Airways Corporation,,,,,,,,,,
John Bean Technologies Corporation,,,,,,,,,,
Johnson Controls International plc,,,,,,,,,,
Jones Lang LaSalle Incorporated,,,,,,,,,,
"Juniper Networks, Inc.",,,,,,,,,,
"KAR Auction Services, Inc.",,,,,,,,,,
KB Home,,,,,,,,,,
"KBR, Inc.",,,,,,,,,,
KLA Corporation,,,,,,,,,,
Kansas City Southern,,,,,,,,,,
Kellogg Company,,,,,,,,,,
"Kelly Services, Inc.",,,,,,,,,,
Kemper Corporation,,,,,,,,,,
KeyCorp,,,,,,,,,,
"Keysight Technologies, Inc.",,,,,,,,,,
Kimberly-Clark Corporation,,,,,,,,,,
"Kinder Morgan, Inc.",,,,,,,,,,
Kirby Corporation,,,,,,,,,,
Knight-Swift Transportation Holdings Inc.,,,,,,,,,,
Kohl's Corporation,,,,,,,,,,
"Kontoor Brands, Inc.",,,,,,,,,,
"L Brands, Inc.",,,,,,,,,,
"L3Harris Technologies, Inc.",,,,,,,,,,
LCI Industries,,,,,,,,,,
"LHC Group, Inc.",,,,,,,,,,
LKQ Corporation,,,,,,,,,,
Laboratory Corporation of America Holdings,,,,,,,,,,
Lam Research Corporation,,,,,,,,,,
"Lamb Weston Holdings, Inc.",,,,,,,,,,
"Landstar System, Inc.",,,,,,,,,,
Las Vegas Sands Corp.,,,,,,,,,,
Lear Corporation,,,,,,,,,,
"Leggett & Platt, Incorporated",,,,,,,,,,
"Leidos Holdings, Inc.",,,,,,,,,,
Lennar Corporation,,,,,,,,,,
Lennox International Inc.,,,,,,,,,,
"Lincoln Electric Holdings, Inc.",,,,,,,,,,
Lincoln National Corporation,,,,,,,,,,
Linde plc,,,,,,,,,,
"Lithia Motors, Inc.",,,,,,,,,,
"Live Nation Entertainment, Inc.",,,,,,,,,,
Loews Corporation,,,,,,,,,,
Louisiana-Pacific Corporation,,,,,,,,,,
LyondellBasell Industries N.V.,,,,,,,,,,
M&T Bank Corporation,,,,,,,,,,
"M.D.C. Holdings, Inc.",,,,,,,,,,
"M/I Homes, Inc.",,,,,,,,,,
"MAXIMUS, Inc.",,,,,,,,,,
"MDU Resources Group, Inc.",,,,,,,,,,
"MEDNAX, Inc.",,,,,,,,,,
MGM Resorts International,,,,,,,,,,
"MSC Industrial Direct Co., Inc.",,,,,,,,,,
MYR Group Inc.,,,,,,,,,,
"Macy's, Inc.",,,,,,,,,,
"Magellan Health, Inc.",,,,,,,,,,
ManTech International Corporation,,,,,,,,,,
ManpowerGroup Inc.,,,,,,,,,,
Marathon Oil Corporation,,,,,,,,,,
"Marriott International, Inc.",,,,,,,,,,
Marriott Vacations Worldwide Corporation,,,,,,,,,,
"Marsh & McLennan Companies, Inc.",,,,,,,,,,
"Martin Marietta Materials, Inc.",,,,,,,,,,
"MasTec, Inc.",,,,,,,,,,
Masco Corporation,,,,,,,,,,
Mastercard Incorporated,,,,,,,,,,
"Matson, Inc.",,,,,,,,,,
"Mattel, Inc.",,,,,,,,,,
"McCormick & Company, Incorporated",,,,,,,,,,
McDonald's Corporation,,,,,,,,,,
Medtronic plc,,,,,,,,,,
Mercury General Corporation,,,,,,,,,,
Meredith Corporation,,,,,,,,,,
Meritage Homes Corporation,,,,,,,,,,
"Meritor, Inc.",,,,,,,,,,
Mettler-Toledo International Inc.,,,,,,,,,,
Microchip Technology Incorporated,,,,,,,,,,
"Micron Technology, Inc.",,,,,,,,,,
"Mohawk Industries, Inc.",,,,,,,,,,
"Molina Healthcare, Inc.",,,,,,,,,,
Molson Coors Beverage Company,,,,,,,,,,
"Mondelez International, Inc.",,,,,,,,,,
Monster Beverage Corporation,,,,,,,,,,
Moody's Corporation,,,,,,,,,,
Moog Inc.,,,,,,,,,,
"Motorola Solutions, Inc.",,,,,,,,,,
"Mueller Industries, Inc.",,,,,,,,,,
Murphy Oil Corporation,,,,,,,,,,
Murphy USA Inc.,,,,,,,,,,
Mylan N.V.,,,,,,,,,,
NCR Corporation,,,,,,,,,,
"NIKE, Inc.",,,,,,,,,,
NOW Inc.,,,,,,,,,,
"NRG Energy, Inc.",,,,,,,,,,
NVIDIA Corporation,,,,,,,,,,
"NVR, Inc.",,,,,,,,,,
Nabors Industries Ltd.,,,,,,,,,,
"Nasdaq, Inc.",,,,,,,,,,
"National Oilwell Varco, Inc.",,,,,,,,,,
"NetApp, Inc.",,,,,,,,,,
"Netflix, Inc.",,,,,,,,,,
New Jersey Resources Corporation,,,,,,,,,,
Newell Brands Inc.,,,,,,,,,,
Newmont Corporation,,,,,,,,,,
News Corporation,,,,,,,,,,
"NextEra Energy, Inc.",,,,,,,,,,
NiSource Inc.,,,,,,,,,,
Nielsen Holdings plc,,,,,,,,,,
"Noble Energy, Inc.",,,,,,,,,,
Nordson Corporation,,,,,,,,,,
"Nordstrom, Inc.",,,,,,,,,,
Norfolk Southern Corporation,,,,,,,,,,
Northern Trust Corporation,,,,,,,,,,
Northrop Grumman Corporation,,,,,,,,,,
Norwegian Cruise Line Holdings Ltd.,,,,,,,,,,
Nucor Corporation,,,,,,,,,,
"O'Reilly Automotive, Inc.",,,,,,,,,,
"O-I Glass, Inc.",,,,,,,,,,
OGE Energy Corp.,,,,,,,,,,
"ONEOK, Inc.",,,,,,,,,,
Oasis Petroleum Inc.,,,,,,,,,,
Occidental Petroleum Corporation,,,,,,,,,,
"Oceaneering International, Inc.",,,,,,,,,,
"Old Dominion Freight Line, Inc.",,,,,,,,,,
Old Republic International Corporation,,,,,,,,,,
Olin Corporation,,,,,,,,,,
Omnicom Group Inc.,,,,,,,,,,
Oracle Corporation,,,,,,,,,,
Oshkosh Corporation,,,,,,,,,,
Otis Worldwide Corporation,,,,,,,,,,
"Owens & Minor, Inc.",,,,,,,,,,
Owens Corning,,,,,,,,,,
PACCAR Inc,,,,,,,,,,
PBF Energy Inc.,,,,,,,,,,
"PC Connection, Inc.",,,,,,,,,,
"PPG Industries, Inc.",,,,,,,,,,
PPL Corporation,,,,,,,,,,
"PRA Health Sciences, Inc.",,,,,,,,,,
PVH Corp.,,,,,,,,,,
Packaging Corporation of America,,,,,,,,,,
"Par Pacific Holdings, Inc.",,,,,,,,,,
Park Hotels & Resorts Inc.,,,,,,,,,,
Parker-Hannifin Corporation,,,,,,,,,,
"Patrick Industries, Inc.",,,,,,,,,,
"Patterson Companies, Inc.",,,,,,,,,,
"Patterson-UTI Energy, Inc.",,,,,,,,,,
"PayPal Holdings, Inc.",,,,,,,,,,
"Paychex, Inc.",,,,,,,,,,
"Penn National Gaming, Inc.",,,,,,,,,,
Pentair plc,,,,,,,,,,
"PerkinElmer, Inc.",,,,,,,,,,
Perrigo Company plc,,,,,,,,,,
Perspecta Inc.,,,,,,,,,,
Philip Morris International Inc.,,,,,,,,,,
Pilgrim's Pride Corporation,,,,,,,,,,
Pinnacle West Capital Corporation,,,,,,,,,,
Pioneer Natural Resources Company,,,,,,,,,,
Pitney Bowes Inc.,,,,,,,,,,
Plexus Corp.,,,,,,,,,,
Polaris Inc.,,,,,,,,,,
Pool Corporation,,,,,,,,,,
"Post Holdings, Inc.",,,,,,,,,,
"PriceSmart, Inc.",,,,,,,,,,
"Principal Financial Group, Inc.",,,,,,,,,,
ProPetro Holding Corp.,,,,,,,,,,
"Prologis, Inc.",,,,,,,,,,
Public Service Enterprise Group Incorporated,,,,,,,,,,
Public Storage,,,,,,,,,,
"PulteGroup, Inc.",,,,,,,,,,
QUALCOMM Incorporated,,,,,,,,,,
"Qorvo, Inc.",,,,,,,,,,
"Quanta Services, Inc.",,,,,,,,,,
Quest Diagnostics Incorporated,,,,,,,,,,
R. R. Donnelley & Sons Company,,,,,,,,,,
RH,,,,,,,,,,
RPM International Inc.,,,,,,,,,,
Ralph Lauren Corporation,,,,,,,,,,
Range Resources Corporation,,,,,,,,,,
"Raymond James Financial, Inc.",,,,,,,,,,
Realogy Holdings Corp.,,,,,,,,,,
Regal Beloit Corporation,,,,,,,,,,
"Regeneron Pharmaceuticals, Inc.",,,,,,,,,,
Regions Financial Corporation,,,,,,,,,,
"Reinsurance Group of America, Incorporated",,,,,,,,,,
Reliance Steel & Aluminum Co.,,,,,,,,,,
RenaissanceRe Holdings Ltd.,,,,,,,,,,
"Renewable Energy Group, Inc.",,,,,,,,,,
"Rent-A-Center, Inc.",,,,,,,,,,
"Republic Services, Inc.",,,,,,,,,,
ResMed Inc.,,,,,,,,,,
"Resideo Technologies, Inc.",,,,,,,,,,
Robert Half International Inc.,,,,,,,,,,
"Rockwell Automation, Inc.",,,,,,,,,,
"Rollins, Inc.",,,,,,,,,,
"Roper Technologies, Inc.",,,,,,,,,,
"Ross Stores, Inc.",,,,,,,,,,
Royal Caribbean Group,,,,,,,,,,
"Ryder System, Inc.",,,,,,,,,,
S&P Global Inc.,,,,,,,,,,
SBA Communications Corporation,,,,,,,,,,
STERIS plc,,,,,,,,,,
SVB Financial Group,,,,,,,,,,
SYNNEX Corporation,,,,,,,,,,
Sabre Corporation,,,,,,,,,,
"Sally Beauty Holdings, Inc.",,,,,,,,,,
"Sanderson Farms, Inc.",,,,,,,,,,
Sanmina Corporation,,,,,,,,,,
"ScanSource, Inc.",,,,,,,,,,
Schlumberger Limited,,,,,,,,,,
Science Applications International Corporation,,,,,,,,,,
Scientific Games Corporation,,,,,,,,,,
Seagate Technology plc,,,,,,,,,,
Sealed Air Corporation,,,,,,,,,,
Select Medical Holdings Corporation,,,,,,,,,,
"Selective Insurance Group, Inc.",,,,,,,,,,
Sempra Energy,,,,,,,,,,
Service Corporation International,,,,,,,,,,
Service Properties Trust,,,,,,,,,,
"ServiceNow, Inc.",,,,,,,,,,
Signet Jewelers Limited,,,,,,,,,,
Silgan Holdings Inc.,,,,,,,,,,
"Simon Property Group, Inc.",,,,,,,,,,
"Skechers U.S.A., Inc.",,,,,,,,,,
"SkyWest, Inc.",,,,,,,,,,
"Skyworks Solutions, Inc.",,,,,,,,,,
Snap-on Incorporated,,,,,,,,,,
"Sonic Automotive, Inc.",,,,,,,,,,
Sonoco Products Company,,,,,,,,,,
Southwest Airlines Co.,,,,,,,,,,
"Southwest Gas Holdings, Inc.",,,,,,,,,,
Southwestern Energy Company,,,,,,,,,,
SpartanNash Company,,,,,,,,,,
"Sprouts Farmers Market, Inc.",,,,,,,,,,
"Stanley Black & Decker, Inc.",,,,,,,,,,
Starbucks Corporation,,,,,,,,,,
State Street Corporation,,,,,,,,,,
"Steel Dynamics, Inc.",,,,,,,,,,
"Stericycle, Inc.",,,,,,,,,,
Stifel Financial Corp.,,,,,,,,,,
StoneX Group Inc.,,,,,,,,,,
Stryker Corporation,,,,,,,,,,
Synchrony Financial,,,,,,,,,,
"Syneos Health, Inc.",,,,,,,,,,
"Synopsys, Inc.",,,,,,,,,,
"T. Rowe Price Group, Inc.",,,,,,,,,,
TE Connectivity Ltd.,,,,,,,,,,
"TRI Pointe Group, Inc.",,,,,,,,,,
"TTM Technologies, Inc.",,,,,,,,,,
"Take-Two Interactive Software, Inc.",,,,,,,,,,
"Tapestry, Inc.",,,,,,,,,,
Taylor Morrison Home Corporation,,,,,,,,,,
TechnipFMC plc,,,,,,,,,,
Teledyne Technologies Incorporated,,,,,,,,,,
Teleflex Incorporated,,,,,,,,,,
"Telephone and Data Systems, Inc.",,,,,,,,,,
"Tempur Sealy International, Inc.",,,,,,,,,,
Tenet Healthcare Corporation,,,,,,,,,,
"Teradyne, Inc.",,,,,,,,,,
Terex Corporation,,,,,,,,,,
"Tetra Tech, Inc.",,,,,,,,,,
Texas Instruments Incorporated,,,,,,,,,,
"Texas Roadhouse, Inc.",,,,,,,,,,
Textron Inc.,,,,,,,,,,
The AES Corporation,,,,,,,,,,
"The Andersons, Inc.",,,,,,,,,,
The Bank of New York Mellon Corporation,,,,,,,,,,
The Brink's Company,,,,,,,,,,
The Charles Schwab Corporation,,,,,,,,,,
The Cheesecake Factory Incorporated,,,,,,,,,,
The Chemours Company,,,,,,,,,,
The Clorox Company,,,,,,,,,,
The Coca-Cola Company,,,,,,,,,,
"The Cooper Companies, Inc.",,,,,,,,,,
"The Ensign Group, Inc.",,,,,,,,,,
The Est√©e Lauder Companies Inc.,,,,,,,,,,
"The GEO Group, Inc.",,,,,,,,,,
"The Gap, Inc.",,,,,,,,,,
"The Goldman Sachs Group, Inc.",,,,,,,,,,
The Goodyear Tire & Rubber Company,,,,,,,,,,
"The Greenbrier Companies, Inc.",,,,,,,,,,
"The Hain Celestial Group, Inc.",,,,,,,,,,
"The Hanover Insurance Group, Inc.",,,,,,,,,,
"The Hartford Financial Services Group, Inc.",,,,,,,,,,
The Hershey Company,,,,,,,,,,
"The Interpublic Group of Companies, Inc.",,,,,,,,,,
The J. M. Smucker Company,,,,,,,,,,
The Kraft Heinz Company,,,,,,,,,,
"The Michaels Companies, Inc.",,,,,,,,,,
The Middleby Corporation,,,,,,,,,,
The Mosaic Company,,,,,,,,,,
The ODP Corporation,,,,,,,,,,
"The PNC Financial Services Group, Inc.",,,,,,,,,,
The Progressive Corporation,,,,,,,,,,
The Scotts Miracle-Gro Company,,,,,,,,,,
The Sherwin-Williams Company,,,,,,,,,,
The Southern Company,,,,,,,,,,
The Timken Company,,,,,,,,,,
The Toro Company,,,,,,,,,,
"The Travelers Companies, Inc.",,,,,,,,,,
The Western Union Company,,,,,,,,,,
"The Williams Companies, Inc.",,,,,,,,,,
Thermo Fisher Scientific Inc.,,,,,,,,,,
"Thor Industries, Inc.",,,,,,,,,,
Tiffany & Co.,,,,,,,,,,
"Toll Brothers, Inc.",,,,,,,,,,
Tractor Supply Company,,,,,,,,,,
Trane Technologies plc,,,,,,,,,,
TransDigm Group Incorporated,,,,,,,,,,
Transocean Ltd.,,,,,,,,,,
"TreeHouse Foods, Inc.",,,,,,,,,,
Trimble Inc.,,,,,,,,,,
"Trinity Industries, Inc.",,,,,,,,,,
Trinseo S.A.,,,,,,,,,,
"Triumph Group, Inc.",,,,,,,,,,
"TrueBlue, Inc.",,,,,,,,,,
Truist Financial Corporation,,,,,,,,,,
"Twitter, Inc.",,,,,,,,,,
U.S. Bancorp,,,,,,,,,,
"UFP Industries, Inc.",,,,,,,,,,
UGI Corporation,,,,,,,,,,
"Ulta Beauty, Inc.",,,,,,,,,,
"Under Armour, Inc.",,,,,,,,,,
Union Pacific Corporation,,,,,,,,,,
Unisys Corporation,,,,,,,,,,
"United Natural Foods, Inc.",,,,,,,,,,
"United Rentals, Inc.",,,,,,,,,,
United States Steel Corporation,,,,,,,,,,
Univar Solutions Inc.,,,,,,,,,,
"Universal Health Services, Inc.",,,,,,,,,,
Unum Group,,,,,,,,,,
"Urban Outfitters, Inc.",,,,,,,,,,
V.F. Corporation,,,,,,,,,,
"Valmont Industries, Inc.",,,,,,,,,,
Valvoline Inc.,,,,,,,,,,
"Varian Medical Systems, Inc.",,,,,,,,,,
"Ventas, Inc.",,,,,,,,,,
"Verisk Analytics, Inc.",,,,,,,,,,
Veritiv Corporation,,,,,,,,,,
Vertex Pharmaceuticals Incorporated,,,,,,,,,,
ViacomCBS Inc.,,,,,,,,,,
Visa Inc.,,,,,,,,,,
"Vishay Intertechnology, Inc.",,,,,,,,,,
Visteon Corporation,,,,,,,,,,
Vornado Realty Trust,,,,,,,,,,
Vulcan Materials Company,,,,,,,,,,
W. R. Berkley Corporation,,,,,,,,,,
"W.W. Grainger, Inc.",,,,,,,,,,
"WEC Energy Group, Inc.",,,,,,,,,,
"WPX Energy, Inc.",,,,,,,,,,
Wabtec Corporation,,,,,,,,,,
"Waste Management, Inc.",,,,,,,,,,
"Watsco, Inc.",,,,,,,,,,
Welltower Inc.,,,,,,,,,,
"Werner Enterprises, Inc.",,,,,,,,,,
WestRock Company,,,,,,,,,,
Western Digital Corporation,,,,,,,,,,
Weyerhaeuser Company,,,,,,,,,,
Whirlpool Corporation,,,,,,,,,,
"Williams-Sonoma, Inc.",,,,,,,,,,
Willis Towers Watson Public Limited Company,,,,,,,,,,
"Wolverine World Wide, Inc.",,,,,,,,,,
"Woodward, Inc.",,,,,,,,,,
World Fuel Services Corporation,,,,,,,,,,
"Worthington Industries, Inc.",,,,,,,,,,
"Wyndham Destinations, Inc.",,,,,,,,,,
"Wynn Resorts, Limited",,,,,,,,,,
"XPO Logistics, Inc.",,,,,,,,,,
Xcel Energy Inc.,,,,,,,,,,
Xerox Holdings Corporation,,,,,,,,,,
"Xilinx, Inc.",,,,,,,,,,
Xylem Inc.,,,,,,,,,,
"Yum! Brands, Inc.",,,,,,,,,,
Zebra Technologies Corporation,,,,,,,,,,
"Zimmer Biomet Holdings, Inc.",,,,,,,,,,
"Zions Bancorporation, National Association",,,,,,,,,,
Zoetis Inc.,,,,,,,,,,
eBay Inc.,,,,,,,,,,
nVent Electric plc,,,,,,,,,,
"salesforce.com, inc.",,,,,,,,,,
